Obj,ID,year,territorial_emissions (ktCO2e),mid_year_population ,area,GDP per head ,travel flow on car/all vehicles,high-carbon industry ratio,,,,,,,,,,,,,
1,1,2005,1713.73731,541.956,3.068841026,"5,327,677",0.726804124,0.12808921,,,,,,,,,,,,,
2,1,2006,1845.418237,551.304,3.068841026,"5,728,475",0.696969697,0.108499096,,,,,,,,,,,,,
3,1,2007,1738.109831,570.525,3.028461538,"6,278,247",0.687179487,0.11151296,,,,,,,,,,,,,
4,1,2008,1750.251928,557.175,3.028461538,"6,351,098",0.7,0.11151296,,,,,,,,,,,,,
5,1,2009,1545.915502,552.928,2.988082051,"6,514,941",0.711764706,0.185873606,,,,,,,,,,,,,
6,1,2010,1703.696754,543.012,2.988082051,"6,984,636",0.708333333,0.172774869,,,,,,,,,,,,,
7,1,2011,1457.960837,548.488,2.988082051,"7,249,130",0.713414634,0.182282794,,,,,,,,,,,,,
8,1,2012,1602.107341,489.288,2.988082051,"8,083,077",0.704402516,0.173109244,,,,,,,,,,,,,
9,1,2013,1474.685647,446.294,2.988082051,"9,496,006",0.698113208,0.1642,,,,,,,,,,,,,
10,1,2014,1224.480749,454.286,2.988082051,"9,729,141",0.699386503,0.1532,,,,,,,,,,,,,
11,1,2015,1073.45754,494.838,2.988082051,"9,156,270",0.705521472,0.016021245,,,,,,,,,,,,,
12,1,2016,889.9874793,536.204,2.988082051,"9,547,417",0.6875,0.017056106,,,,,,,,,,,,,
13,1,2017,784.2850843,566.396,2.988082051,"9,259,829",0.681818182,0.019272053,,,,,,,,,,,,,
14,1,2018,774.8646339,670.362,3.109220513,"8,842,982",0.677852349,0.021587364,,,,,,,,,,,,,
15,1,2019,737.5229374,748.517,3.109220513,"8,252,331",0.673333333,0.024748361,,,,,,,,,,,,,
16,1,2020,584.3248427,809.412,2.988082051,"7,953,665",0.64957265,0.02146,,,,,,,,,,,,,
17,2,2005,1005.099461,12636.9,36.82998974,"17,306",0.807936508,0.052742616,,,,,,,,,,,,,
18,2,2006,1008.323398,12703.932,36.82998974,"19,030",0.792168675,0.054249548,,,,,,,,,,,,,
19,2,2007,992.4354117,12846.356,36.82998974,"19,761",0.779635258,0.04822182,,,,,,,,,,,,,
20,2,2008,950.3953719,13106.352,36.82998974,"19,832",0.790322581,0.049728752,,,,,,,,,,,,,
21,2,2009,867.5655466,13140.92,35.86077949,"18,214",0.797856049,0.087159533,,,,,,,,,,,,,
22,2,2010,943.2130256,13530.012,35.86077949,"19,620",0.802507837,0.086887836,,,,,,,,,,,,,
23,2,2011,857.3310588,13840.146,35.86077949,"19,719",0.791208791,0.078721746,,,,,,,,,,,,,
24,2,2012,892.945035,14109.062,35.86077949,"20,038",0.789473684,0.081929556,,,,,,,,,,,,,
25,2,2013,857.8592113,14398.624,35.86077949,"21,218",0.786392405,0.088432,,,,,,,,,,,,,
26,2,2014,754.5595088,14700.1,35.86077949,"21,114",0.7856049,0.99643,,,,,,,,,,,,,
27,2,2015,726.3149454,15029.474,35.86077949,"20,806",0.784073507,0.157593123,,,,,,,,,,,,,
28,2,2016,673.3906292,15405.468,35.86077949,"19,632",0.766716196,0.168241966,,,,,,,,,,,,,
29,2,2017,643.8571097,15592.614,35.86077949,"19,146",0.765861027,0.172101449,,,,,,,,,,,,,
30,2,2018,737.1633145,16535.844,37.7992,"19,574",0.763636364,0.171901134,,,,,,,,,,,,,
31,2,2019,765.5059296,16606.668,37.7992,"20,262",0.767019667,0.190591701,,,,,,,,,,,,,
32,2,2020,696.3637054,16058.025,36.34538462,"19,042",0.744186047,0.190032,,,,,,,,,,,,,
33,3,2005,1919.898016,24893.116,84.52398462,"20,572",0.826086957,0.088908981,,,,,,,,,,,,,
34,3,2006,1921.57246,25140.876,84.52398462,"21,773",0.815517241,0.078360458,,,,,,,,,,,,,
35,3,2007,1855.07184,25447.612,84.52398462,"22,596",0.806116561,0.078360458,,,,,,,,,,,,,
36,3,2008,1856.981599,25780.112,84.52398462,"22,229",0.810795771,0.078360458,,,,,,,,,,,,,
37,3,2009,1712.83529,25591.346,82.29966923,"20,728",0.817818389,0.141558442,,,,,,,,,,,,,
38,3,2010,1851.267414,26006.412,82.29966923,"21,140",0.822010107,0.14028314,,,,,,,,,,,,,
39,3,2011,1678.07067,26457.812,82.29966923,"21,649",0.82134434,0.139784946,,,,,,,,,,,,,
40,3,2012,1760.583976,26919.498,82.29966923,"22,951",0.813364055,0.152956298,,,,,,,,,,,,,
41,3,2013,1722.428325,27254.274,82.29966923,"23,331",0.805128205,,,,,,,,,,,,,,
42,3,2014,1549.391697,27657.13,82.29966923,"24,526",0.797746479,,,,,,,,,,,,,,
43,3,2015,1495.136685,28029.572,82.29966923,"24,760",0.795583239,0.074710497,,,,,,,,,,,,,
44,3,2016,1428.062383,28473.276,82.29966923,"25,784",0.781838949,0.084507042,,,,,,,,,,,,,
45,3,2017,1364.441267,28697.422,82.29966923,"25,623",0.780623608,0.103588605,,,,,,,,,,,,,
46,3,2018,1448.719891,30586.92,86.7483,"26,249",0.778149387,0.101075597,,,,,,,,,,,,,
47,3,2019,1403.364473,30877.782,86.7483,"27,129",0.779912184,0.111399926,,,,,,,,,,,,,
48,3,2020,1284.2205,29925.525,83.41182692,"26,293",0.76519337,,,,,,,,,,,,,,
49,4,2005,1332.614532,17124.107,63.4623141,"20,300",0.81870229,0.162748644,,,,,,,,,,,,,
50,4,2006,1315.161229,17192.56,63.4623141,"21,257",0.799807507,0.150693189,,,,,,,,,,,,,
51,4,2007,1259.076131,17296.125,63.4623141,"22,243",0.79307026,0.146172393,,,,,,,,,,,,,
52,4,2008,1246.402921,17452.204,63.4623141,"22,421",0.798254122,0.129596142,,,,,,,,,,,,,
53,4,2009,1138.938012,17110.95,61.81394231,"21,097",0.805421104,0.144265233,,,,,,,,,,,,,
54,4,2010,1228.236954,17303.325,61.81394231,"21,560",0.801783944,0.138938053,,,,,,,,,,,,,
55,4,2011,1120.407632,17458.05,61.81394231,"21,904",0.808748728,0.119363395,,,,,,,,,,,,,
56,4,2012,1181.017186,17573.1,61.81394231,"24,344",0.803061224,0.130573248,,,,,,,,,,,,,
57,4,2013,1147.958372,17761.2,61.81394231,"26,970",0.798345398,0.1256,,,,,,,,,,,,,
58,4,2014,1036.118482,18001.2,61.81394231,"27,185",0.791540785,,,,,,,,,,,,,,
59,4,2015,996.1956105,18179.025,61.81394231,"27,950",0.79020979,0.164925783,,,,,,,,,,,,,
60,4,2016,967.3098901,18382.125,61.81394231,"29,430",0.77885548,0.158762329,,,,,,,,,,,,,
61,4,2017,911.8000318,18459.3,61.81394231,"28,408",0.778315586,0.180304222,,,,,,,,,,,,,
62,4,2018,907.4292999,19533.382,65.1106859,"28,415",0.785221675,0.157054067,,,,,,,,,,,,,
63,4,2019,874.038037,19614.673,65.1106859,"29,954",0.787234043,0.177372355,,,,,,,,,,,,,
64,4,2020,787.4202727,19694.779,65.1106859,"28,140",0.766398159,,,,,,,,,,,,,,
65,5,2005,1599.561465,20591.364,42.12397436,"22,874",0.828544061,0.058770344,,,,,,,,,,,,,
66,5,2006,1554.394004,21014.304,42.12397436,"23,997",0.813575526,0.054249548,,,,,,,,,,,,,
67,5,2007,1555.257667,21245.475,41.56971154,"24,458",0.806358382,0.052742616,,,,,,,,,,,,,
68,5,2008,1572.315754,21817.575,41.56971154,"24,067",0.815494393,0.052742616,,,,,,,,,,,,,
69,5,2009,1429.246746,22060.732,41.01544872,"22,524",0.818369453,0.093457944,,,,,,,,,,,,,
70,5,2010,1421.578797,22554.09,41.01544872,"22,950",0.82312253,0.09058927,,,,,,,,,,,,,
71,5,2011,1281.255227,23106.13,41.01544872,"23,243",0.812627291,0.091157703,,,,,,,,,,,,,
72,5,2012,1479.753927,23279.882,41.01544872,"24,344",0.810838446,0.095744681,,,,,,,,,,,,,
73,5,2013,1426.291324,23466.288,41.01544872,"25,256",0.81302521,,,,,,,,,,,,,,
74,5,2014,1207.458886,23687.474,41.01544872,"27,057",0.804679552,,,,,,,,,,,,,,
75,5,2015,1126.987148,23934.782,41.01544872,"29,097",0.8004158,0.13674045,,,,,,,,,,,,,
76,5,2016,1089.104005,24155.598,41.01544872,"30,104",0.784722222,0.146044625,,,,,,,,,,,,,
77,5,2017,1057.031978,24353.548,41.01544872,"30,086",0.786359077,0.147848416,,,,,,,,,,,,,
78,5,2018,1196.193093,25802.01,43.2325,"29,816",0.784784785,0.141654691,,,,,,,,,,,,,
79,5,2019,1106.19498,25722.138,43.2325,"31,611",0.787109375,0.16225864,,,,,,,,,,,,,
80,5,2020,1025.711113,24581.475,41.56971154,"30,887",0.766704417,,,,,,,,,,,,,,
81,6,2005,1670.347925,23654.259,152.0596051,"22,492",0.829251225,0.170283303,,,,,,,,,,,,,
82,6,2006,1698.012901,23776.077,152.0596051,"24,013",0.819444444,0.170283303,,,,,,,,,,,,,
83,6,2007,1608.785228,23907.375,152.0596051,"24,896",0.811281337,0.168776371,,,,,,,,,,,,,
84,6,2008,1579.446362,24092.472,152.0596051,"24,741",0.815308989,0.164255576,,,,,,,,,,,,,
85,6,2009,1461.407159,23633.148,148.2099949,"22,963",0.820694543,,,,,,,,,,,,,,
86,6,2010,1526.31381,23759.12,148.2099949,"23,494",0.815351195,0.041694463,,,,,,,,,,,,,
87,6,2011,1390.314783,23912.658,148.2099949,"24,031",0.81884058,,,,,,,,,,,,,,
88,6,2012,1468.752781,24181.003,148.2099949,"24,926",0.818445897,0.033047736,,,,,,,,,,,,,
89,6,2013,1432.532311,24498.859,148.2099949,"24,930",0.819494585,,,,,,,,,,,,,,
90,6,2014,1270.735269,24763.354,148.2099949,"25,462",0.816384181,,,,,,,,,,,,,,
91,6,2015,1235.420643,25048.331,148.2099949,"25,379",0.813464236,0.095704949,,,,,,,,,,,,,
92,6,2016,1183.214214,25223.66,148.2099949,"27,395",0.794520548,0.105456213,,,,,,,,,,,,,
93,6,2017,1111.969048,25363.107,148.2099949,"27,503",0.796551724,0.115967886,,,,,,,,,,,,,
94,6,2018,1126.525573,26818.776,155.9092154,"29,133",0.800423131,0.104339578,,,,,,,,,,,,,
95,6,2019,1081.313354,26919.216,155.9092154,"29,113",0.803814714,0.11778291,,,,,,,,,,,,,
96,6,2020,992.1402477,25954.656,150.1348,"27,512",0.786610879,,,,,,,,,,,,,,
97,7,2005,1839.675536,16042.688,21.23079487,"180,531",0.755632582,0.034659433,,,,,,,,,,,,,
98,7,2006,1949.442423,16038.432,21.23079487,"188,657",0.743944637,0.049728752,,,,,,,,,,,,,
99,7,2007,1890.699409,15864,20.95144231,"210,788",0.737478411,0.051235684,,,,,,,,,,,,,
100,7,2008,1849.99547,15770.475,20.95144231,"221,354",0.741992883,0.064798071,,,,,,,,,,,,,
101,7,2009,1689.741606,15756.376,20.67208974,"217,771",0.74688057,0.012793811,,,,,,,,,,,,,
102,7,2010,1768.64762,15889.65,20.67208974,"227,204",0.744402985,0.01300858,,,,,,,,,,,,,
103,7,2011,1618.072721,16286.438,20.67208974,"232,896",0.75334608,,,,,,,,,,,,,,
104,7,2012,1719.041983,16635.866,20.67208974,"241,641",0.753507014,0.01453202,,,,,,,,,,,,,
105,7,2013,1655.044773,17055.964,20.67208974,"253,202",0.754527163,,,,,,,,,,,,,,
106,7,2014,1421.104065,17465.628,20.67208974,"270,390",0.751984127,,,,,,,,,,,,,,
107,7,2015,1310.681354,18043.938,20.67208974,"260,656",0.749502982,0.033388982,,,,,,,,,,,,,
108,7,2016,1223.012148,18437.988,20.67208974,"276,221",0.730314961,0.033163405,,,,,,,,,,,,,
109,7,2017,1142.375858,18748.714,20.67208974,"289,375",0.731610338,0.032636901,,,,,,,,,,,,,
110,7,2018,1128.018879,20453.628,21.7895,"291,294",0.734151329,0.035038349,,,,,,,,,,,,,
111,7,2019,1035.335237,21062.262,21.7895,"299,955",0.734989648,0.037227164,,,,,,,,,,,,,
112,7,2020,921.078581,20963.7,20.95144231,"274,318",0.711734694,,,,,,,,,,,,,,
113,8,2005,1922.816978,24750.796,80.94979359,"23,672",0.821402748,0.081374322,,,,,,,,,,,,,
114,8,2006,1877.623988,24852.777,80.94979359,"24,427",0.814735336,0.075346594,,,,,,,,,,,,,
115,8,2007,1817.749262,25114.117,80.94979359,"26,254",0.81056338,0.073839662,,,,,,,,,,,,,
116,8,2008,1787.663279,25499.484,80.94979359,"25,568",0.817321689,0.063291139,,,,,,,,,,,,,
117,8,2009,1630.412384,25046.173,78.73199103,"23,930",0.820664207,0.088450292,,,,,,,,,,,,,
118,8,2010,1701.546978,25414.521,78.73199103,"23,736",0.818181818,0.085138163,,,,,,,,,,,,,
119,8,2011,1553.830721,25901.865,78.73199103,"23,640",0.820045558,0.079715864,,,,,,,,,,,,,
120,8,2012,1642.984179,26212.419,78.73199103,"23,421",0.813455657,0.089481947,,,,,,,,,,,,,
121,8,2013,1585.338193,27648.472,82.05869487,"24,404",0.813688213,,,,,,,,,,,,,,
122,8,2014,1386.504416,27903.402,82.05869487,"26,304",0.811702926,,,,,,,,,,,,,,
123,8,2015,1335.788091,28125.18,82.05869487,"26,698",0.807663411,0.079448045,,,,,,,,,,,,,
124,8,2016,1266.666093,28364.274,82.05869487,"26,380",0.788433382,0.098989482,,,,,,,,,,,,,
125,8,2017,1207.31136,28477.938,82.05869487,"27,209",0.790214974,0.096761453,,,,,,,,,,,,,
126,8,2018,1221.604912,30056.988,86.4943,"28,640",0.796699175,0.092156461,,,,,,,,,,,,,
127,8,2019,1177.276904,30163.38,86.4943,"30,131",0.798820929,0.105054509,,,,,,,,,,,,,
128,8,2020,1073.56179,29142.225,83.16759615,"29,575",0.778169014,,,,,,,,,,,,,,
129,9,2005,1843.771764,22832.502,51.98414231,"23,215",0.817857143,0.162748644,,,,,,,,,,,,,
130,9,2006,1865.467096,23019.017,51.98414231,"24,431",0.797585227,0.155213984,,,,,,,,,,,,,
131,9,2007,1841.6697,23262.983,51.98414231,"25,451",0.79439941,0.164255576,,,,,,,,,,,,,
132,9,2008,1816.943913,24625.672,54.12047692,"25,151",0.811168259,0.153707052,,,,,,,,,,,,,
133,9,2009,1671.510755,24417.484,52.69625385,"23,048",0.818248712,0.137686861,,,,,,,,,,,,,
134,9,2010,1729.871029,24721.402,52.69625385,"23,651",0.813813814,0.123534011,,,,,,,,,,,,,
135,9,2011,1613.443538,25109.236,52.69625385,"24,282",0.805409467,0.123636364,,,,,,,,,,,,,
136,9,2012,1712.105577,25184.568,52.69625385,"25,333",0.8,0.132155477,,,,,,,,,,,,,
137,9,2013,1691.324773,25315.992,52.69625385,"26,512",0.797347089,,,,,,,,,,,,,,
138,9,2014,1488.002321,25381.778,52.69625385,"28,334",0.791729323,,,,,,,,,,,,,,
139,9,2015,1397.187736,25477.09,52.69625385,"30,013",0.791479821,0.146532694,,,,,,,,,,,,,
140,9,2016,1296.6636,25515.348,52.69625385,"31,278",0.77827381,0.155593881,,,,,,,,,,,,,
141,9,2017,1249.946024,25362.464,52.69625385,"30,781",0.776315789,0.152988744,,,,,,,,,,,,,
142,9,2018,1277.353427,26674.596,55.5447,"31,226",0.775495231,0.157624348,,,,,,,,,,,,,
143,9,2019,1210.393309,26660.868,55.5447,"31,352",0.776642336,0.166999455,,,,,,,,,,,,,
144,9,2020,1097.221537,25525.575,53.40836538,"31,317",0.759036145,,,,,,,,,,,,,,
145,10,2005,1711.729095,22497.541,83.25404872,"21,504",0.788353162,0.090415913,,,,,,,,,,,,,
146,10,2006,1845.946027,22706.891,83.25404872,"22,797",0.786865672,0.090415913,,,,,,,,,,,,,
147,10,2007,1835.069699,23031.186,83.25404872,"23,821",0.779097387,0.084388186,,,,,,,,,,,,,
148,10,2008,1656.103309,23497.997,83.25404872,"23,470",0.768620269,0.081374322,,,,,,,,,,,,,
149,10,2009,1513.528107,23251.767,81.14635128,"21,123",0.779189353,0.112254443,,,,,,,,,,,,,
150,10,2010,1602.200812,23688.896,81.14635128,"21,927",0.798569726,0.107176142,,,,,,,,,,,,,
151,10,2011,1449.162303,24172.995,81.14635128,"22,220",0.784898477,0.104323308,,,,,,,,,,,,,
152,10,2012,1550.33274,24428.789,81.14635128,"22,989",0.77911889,0.114490161,,,,,,,,,,,,,
153,10,2013,1522.874634,24664.409,81.14635128,"23,710",0.769422001,,,,,,,,,,,,,,
154,10,2014,1374.997263,24979.493,81.14635128,"24,629",0.766249255,,,,,,,,,,,,,,
155,10,2015,1341.564739,25312.826,81.14635128,"25,253",0.757610569,0.113609467,,,,,,,,,,,,,
156,10,2016,1285.350496,25573.779,81.14635128,"25,790",0.745008557,0.123426912,,,,,,,,,,,,,
157,10,2017,1232.011819,25618.285,81.14635128,"25,317",0.740488359,0.13463324,,,,,,,,,,,,,
158,10,2018,1242.505456,27043.389,85.36174615,"26,984",0.736486486,0.136127182,,,,,,,,,,,,,
159,10,2019,1188.845865,27037.314,85.36174615,"28,509",0.74175517,0.154313771,,,,,,,,,,,,,
160,10,2020,1075.583995,26019.786,82.2002,"26,551",0.712005552,,,,,,,,,,,,,,
161,11,2005,1385.040532,17517.544,49.14842051,"18,208",0.797089733,0.058770344,,,,,,,,,,,,,
162,11,2006,1367.356958,17783.24,49.14842051,"19,121",0.781376518,0.051235684,,,,,,,,,,,,,
163,11,2007,1334.344691,17740.125,48.50173077,"19,704",0.774011299,0.046714888,,,,,,,,,,,,,
164,11,2008,1333.012918,17981.1,48.50173077,"20,145",0.779801325,0.04822182,,,,,,,,,,,,,
165,11,2009,1234.74097,18031.728,47.85504103,"18,520",0.784053156,0.085333333,,,,,,,,,,,,,
166,11,2010,1302.620841,18438.654,47.85504103,"19,482",0.780117944,0.083113456,,,,,,,,,,,,,
167,11,2011,1171.115787,18905.742,47.85504103,"19,885",0.787375415,0.071052632,,,,,,,,,,,,,
168,11,2012,1192.000146,19238.964,47.85504103,"19,968",0.786142002,,,,,,,,,,,,,,
169,11,2013,1105.204788,19543.178,47.85504103,"20,032",0.785344828,,,,,,,,,,,,,,
170,11,2014,1101.258941,19895.122,47.85504103,"20,579",0.78098472,,,,,,,,,,,,,,
171,11,2015,958.4491419,20316.108,47.85504103,"21,054",0.781802864,0.077085665,,,,,,,,,,,,,
172,11,2016,927.39009,20656.286,47.85504103,"21,469",0.764214047,0.079306979,,,,,,,,,,,,,
173,11,2017,876.9322263,20930.826,47.85504103,"22,406",0.764166667,0.093342726,,,,,,,,,,,,,
174,11,2018,899.5135675,22322.508,50.4418,"22,878",0.764016736,0.08589323,,,,,,,,,,,,,
175,11,2019,859.3164705,22459.476,50.4418,"24,161",0.768272425,0.09762901,,,,,,,,,,,,,
176,11,2020,780.7235565,21677.55,48.50173077,"21,656",0.749271137,,,,,,,,,,,,,,
177,12,2005,998.8694615,15805.376,17.82809744,"20,283",0.759469697,0.07986739,,,,,,,,,,,,,
178,12,2006,1007.04086,16074.089,17.82809744,"20,876",0.743169399,0.066305003,,,,,,,,,,,,,
179,12,2007,980.4792173,16162.56,17.58387692,"22,193",0.73992674,0.072332731,,,,,,,,,,,,,
180,12,2008,972.838154,16634.952,17.58387692,"22,463",0.745318352,0.069318867,,,,,,,,,,,,,
181,12,2009,893.4607107,16800.162,17.33965641,"21,610",0.752895753,0.064824655,,,,,,,,,,,,,
182,12,2010,949.6299951,17163.469,17.33965641,"22,335",0.747553816,0.060767591,,,,,,,,,,,,,
183,12,2011,884.343371,17549.922,17.33965641,"23,622",0.754601227,0.045965271,,,,,,,,,,,,,
184,12,2012,975.775876,17907.052,17.33965641,"23,730",0.747368421,0.052052052,,,,,,,,,,,,,
185,12,2013,944.742246,18277.956,17.33965641,"23,432",0.744588745,,,,,,,,,,,,,,
186,12,2014,828.3954486,18680.952,17.33965641,"25,580",0.744136461,,,,,,,,,,,,,,
187,12,2015,793.9326072,19072.446,17.33965641,"26,727",0.744680851,0.053754042,,,,,,,,,,,,,
188,12,2016,735.4527658,19399.969,17.33965641,"28,144",0.727083333,0.049079755,,,,,,,,,,,,,
189,12,2017,694.0907259,19590.959,17.33965641,"29,517",0.730360934,0.055300289,,,,,,,,,,,,,
190,12,2018,688.0111462,20974.875,18.31653846,"32,289",0.730263158,0.055062096,,,,,,,,,,,,,
191,12,2019,651.6500712,21084,18.31653846,"35,455",0.731019523,0.057224607,,,,,,,,,,,,,
192,12,2020,594.6919021,20227.752,17.58387692,"33,746",0.712820513,,,,,,,,,,,,,,
193,13,2005,1169.900048,13170.192,16.71425128,"34,311",0.764604811,0.102471368,,,,,,,,,,,,,
194,13,2006,1188.627316,13275.3,16.71425128,"34,526",0.747491639,0.096443641,,,,,,,,,,,,,
195,13,2007,1160.324855,13411.872,16.71425128,"37,304",0.739932886,0.085895118,,,,,,,,,,,,,
196,13,2008,1144.610267,13458.688,16.71425128,"39,688",0.754850088,0.075346594,,,,,,,,,,,,,
197,13,2009,1082.307292,13328.584,16.27440256,"37,959",0.754385965,0.041434263,,,,,,,,,,,,,
198,13,2010,1133.472305,13382.308,16.27440256,"39,078",0.754480287,0.053215078,,,,,,,,,,,,,
199,13,2011,1029.945135,13500.93,16.27440256,"40,932",0.758426966,0.034775889,,,,,,,,,,,,,
200,13,2012,1075.548761,13476.658,16.27440256,"46,364",0.756972112,0.038490007,,,,,,,,,,,,,
201,13,2013,1030.208021,13425.154,16.27440256,"48,101",0.750483559,,,,,,,,,,,,,,
202,13,2014,888.6218201,13444.246,16.27440256,"53,332",0.745596869,,,,,,,,,,,,,,
203,13,2015,835.4546012,13481.542,16.27440256,"57,202",0.747553816,0.045147542,,,,,,,,,,,,,
204,13,2016,772.2534196,13451.942,16.27440256,"57,803",0.731060606,0.04667696,,,,,,,,,,,,,
205,13,2017,723.8327879,13541.852,16.27440256,"61,479",0.730769231,0.046924632,,,,,,,,,,,,,
206,13,2018,723.1389214,14463.228,17.1541,"63,844",0.734345351,0.043840421,,,,,,,,,,,,,
207,13,2019,674.433703,14441.154,17.1541,"68,446",0.736742424,0.048618864,,,,,,,,,,,,,
208,13,2020,600.5037142,13765.8,16.49432692,"65,245",0.708029197,,,,,,,,,,,,,,
209,14,2005,1130.737316,16736.783,27.70097308,"13,738",0.780889621,0.070825799,,,,,,,,,,,,,
210,14,2006,1134.111653,17021.702,27.70097308,"13,816",0.773770492,0.069318867,,,,,,,,,,,,,
211,14,2007,1074.074033,17049.096,27.32150769,"14,714",0.772131148,0.066305003,,,,,,,,,,,,,
212,14,2008,1098.598411,17601.048,27.32150769,"14,537",0.772805508,0.057263412,,,,,,,,,,,,,
213,14,2009,1001.774854,17736.155,26.94204231,"13,686",0.776386404,0.096960926,,,,,,,,,,,,,
214,14,2010,1044.464982,17944.682,26.94204231,"14,478",0.774134791,0.089837997,,,,,,,,,,,,,
215,14,2011,945.2403934,18143.34,26.94204231,"15,124",0.779411765,0.084569733,,,,,,,,,,,,,
216,14,2012,994.4916711,18310.758,26.94204231,"15,827",0.777985075,0.101694915,,,,,,,,,,,,,
217,14,2013,962.6603217,18533.343,26.94204231,"15,696",0.777153558,,,,,,,,,,,,,,
218,14,2014,853.2396336,18772.258,26.94204231,"17,022",0.775322284,,,,,,,,,,,,,,
219,14,2015,818.2581822,19045.821,26.94204231,"17,759",0.776752768,0.094137783,,,,,,,,,,,,,
220,14,2016,782.2815413,19317.538,26.94204231,"17,312",0.754990926,0.087777046,,,,,,,,,,,,,
221,14,2017,733.7398077,19256.904,26.94204231,"17,824",0.757798165,0.106493327,,,,,,,,,,,,,
222,14,2018,729.2385842,20296.8,28.45990385,"18,569",0.760511883,0.115300008,,,,,,,,,,,,,
223,14,2019,702.3720956,20148.525,28.45990385,"19,231",0.759856631,0.114459577,,,,,,,,,,,,,
224,14,2020,650.8953996,19177.704,27.32150769,"18,110",0.733480176,,,,,,,,,,,,,,
225,14,2005,1081.016282,17467.611,51.11036667,"19,238",0.847181009,0.067811935,,,,,,,,,,,,,
226,14,2006,1063.720154,17666.928,51.11036667,"20,049",0.841949778,0.061784207,,,,,,,,,,,,,
227,14,2007,1037.511726,17882.045,51.11036667,"21,058",0.834564254,0.058770344,,,,,,,,,,,,,
228,14,2008,1032.967619,18135.793,51.11036667,"20,815",0.838278932,0.05575648,,,,,,,,,,,,,
229,14,2009,935.7500291,17979.115,49.81643333,"19,031",0.841389728,,,,,,,,,,,,,,
230,14,2010,1017.91455,18283.727,49.81643333,"19,686",0.836702955,0.115334207,,,,,,,,,,,,,
231,14,2011,917.5397908,18518.423,49.81643333,"20,162",0.841049383,0.084722222,,,,,,,,,,,,,
232,14,2012,975.857421,18632.306,49.81643333,"20,235",0.841463415,0.089309878,,,,,,,,,,,,,
233,14,2013,941.0770419,18711.308,49.81643333,"20,614",0.840803709,,,,,,,,,,,,,,
234,14,2014,827.2876859,18876.473,49.81643333,"22,467",0.837672282,,,,,,,,,,,,,,
235,14,2015,797.988124,19004.986,49.81643333,"23,475",0.835130971,0.098804671,,,,,,,,,,,,,
236,14,2016,754.1458253,19149.669,49.81643333,"24,193",0.816944024,0.102412074,,,,,,,,,,,,,
237,14,2017,710.5906982,18417.12,47.87553333,"24,533",0.818042813,0.101410648,,,,,,,,,,,,,
238,14,2018,711.6983437,19511.622,50.4634,"24,213",0.822706065,0.10893089,,,,,,,,,,,,,
239,14,2019,689.7135186,19590.48,50.4634,"25,240",0.824773414,0.126504376,,,,,,,,,,,,,
240,14,2020,631.4062442,18925.35,48.5225,"24,116",0.809615385,,,,,,,,,,,,,,
241,15,2005,1376.735869,17932.21,115.9247013,"20,199",0.774256145,0.064798071,,,,,,,,,,,,,
242,15,2006,1384.094425,18027.642,115.9247013,"21,150",0.764093137,0.064798071,,,,,,,,,,,,,
243,15,2007,1326.71881,18153.331,115.9247013,"22,290",0.758535071,0.060277275,,,,,,,,,,,,,
244,15,2008,1307.110208,18311.647,115.9247013,"21,827",0.767268202,0.057263412,,,,,,,,,,,,,
245,15,2009,1211.113473,18027.779,112.9898987,"19,924",0.779331307,0.137369034,,,,,,,,,,,,,
246,15,2010,1294.318097,18190.018,112.9898987,"20,625",0.787593985,0.126491647,,,,,,,,,,,,,
247,15,2011,1174.261076,18320.379,112.9898987,"20,867",0.766500623,0.119458128,,,,,,,,,,,,,
248,15,2012,1222.618897,18460.134,112.9898987,"22,415",0.774032459,0.134090909,,,,,,,,,,,,,
249,15,2013,1200.161744,18644.934,112.9898987,"22,947",0.774056029,,,,,,,,,,,,,,
250,15,2014,1086.728428,18944.31,112.9898987,"24,010",0.760972716,,,,,,,,,,,,,,
251,15,2015,1060.605744,19201.875,112.9898987,"24,513",0.748817967,0.134187252,,,,,,,,,,,,,
252,15,2016,1028.165589,19509.567,112.9898987,"25,115",0.732346241,0.148755313,,,,,,,,,,,,,
253,15,2017,991.8426873,19715.003,112.9898987,"25,302",0.728651685,0.147979511,,,,,,,,,,,,,
254,15,2018,1066.691454,20882.61,118.8595038,"26,011",0.726309922,0.145417854,,,,,,,,,,,,,
255,15,2019,1067.944834,21023.712,118.8595038,"26,649",0.728415301,0.159771755,,,,,,,,,,,,,
256,15,2020,994.1518422,20330.778,114.4573,"24,884",0.688817891,,,,,,,,,,,,,,
257,16,2005,2482.250421,20114.4,118.6668718,"46,596",0.832760103,0.119047619,,,,,,,,,,,,,
258,16,2006,2458.24491,20350.96,118.6668718,"47,384",0.822023047,0.125075347,,,,,,,,,,,,,
259,16,2007,2350.686703,20558.48,118.6668718,"48,818",0.820392491,0.114526823,,,,,,,,,,,,,
260,16,2008,2454.786563,20884.08,118.6668718,"48,399",0.82925801,0.113019892,,,,,,,,,,,,,
261,16,2009,2198.347798,20721.87,115.7002,"43,369",0.836514523,0.075855231,,,,,,,,,,,,,
262,16,2010,2213.991893,21018.27,115.7002,"44,795",0.81987041,0.075962019,,,,,,,,,,,,,
263,16,2011,1944.922425,21488.922,115.7002,"46,135",0.829311101,0.075742574,,,,,,,,,,,,,
264,16,2012,2194.575525,21931.962,115.7002,"46,539",0.827408994,0.076630176,,,,,,,,,,,,,
265,16,2013,2141.284334,22307.688,115.7002,"48,331",0.827368421,,,,,,,,,,,,,,
266,16,2014,1852.035735,22726.704,115.7002,"51,883",0.818517001,,,,,,,,,,,,,,
267,16,2015,1700.735217,23092.368,115.7002,"51,912",0.813992459,0.077800134,,,,,,,,,,,,,
268,16,2016,1634.903681,23392.122,115.7002,"49,496",0.801542208,0.090137858,,,,,,,,,,,,,
269,16,2017,1560.830554,23582.754,115.7002,"51,664",0.803461063,0.096029068,,,,,,,,,,,,,
270,16,2018,1686.217009,24995.568,121.6335436,"53,224",0.806188925,0.098202351,,,,,,,,,,,,,
271,16,2019,1644.353584,25163.34,121.6335436,"55,647",0.80952381,0.102187868,,,,,,,,,,,,,
272,16,2020,1491.547651,25339.148,121.6335436,"46,124",0.784422111,,,,,,,,,,,,,,
273,17,2005,1732.661863,17678.304,57.31095513,"41,117",0.835301063,0.075346594,,,,,,,,,,,,,
274,17,2006,1759.115422,18021.954,57.31095513,"45,780",0.831026528,0.072332731,,,,,,,,,,,,,
275,17,2007,1706.000545,18442.866,57.31095513,"48,284",0.820771513,0.063291139,,,,,,,,,,,,,
276,17,2008,1635.55698,18794.653,57.31095513,"50,105",0.830760095,0.067811935,,,,,,,,,,,,,
277,17,2009,1526.544563,18739.182,55.86004487,"47,420",0.835705813,0.078693393,,,,,,,,,,,,,
278,17,2010,1627.002819,19191.172,55.86004487,"48,419",0.834554335,0.06954612,,,,,,,,,,,,,
279,17,2011,1522.018456,19629.379,55.86004487,"49,143",0.829386764,0.074659009,,,,,,,,,,,,,
280,17,2012,1584.717056,19905.886,55.86004487,"53,403",0.824316109,0.07661823,,,,,,,,,,,,,
281,17,2013,1520.869722,20118.175,55.86004487,"58,117",0.823636364,,,,,,,,,,,,,,
282,17,2014,1361.656387,20330.31,55.86004487,"62,217",0.821663674,,,,,,,,,,,,,,
283,17,2015,1273.303388,20513.724,55.86004487,"64,576",0.816696915,0.055223194,,,,,,,,,,,,,
284,17,2016,1193.613303,20656.79,55.86004487,"67,991",0.802577622,0.056179775,,,,,,,,,,,,,
285,17,2017,1115.210875,20720.7,55.86004487,"68,831",0.801667659,0.058024126,,,,,,,,,,,,,
286,17,2018,1182.206361,21933.342,58.76186538,"67,284",0.800709639,0.063185164,,,,,,,,,,,,,
287,17,2019,1123.564742,21993.363,58.76186538,"70,029",0.803977273,0.073048242,,,,,,,,,,,,,
288,17,2020,981.7808559,21197.826,56.5855,"62,616",0.784685368,,,,,,,,,,,,,,
289,18,2005,1271.353216,13393.821,13.90416026,"62,377",0.744444444,0.147679325,,,,,,,,,,,,,
290,18,2006,1307.950593,13525.659,13.90416026,"64,764",0.736842105,0.131103074,,,,,,,,,,,,,
291,18,2007,1271.561816,13581.792,13.71369231,"70,216",0.727472527,0.117540687,,,,,,,,,,,,,
292,18,2008,1291.521035,13830.408,13.71369231,"72,784",0.726862302,0.120554551,,,,,,,,,,,,,
293,18,2009,1176.758967,13965.984,13.52322436,"70,296",0.725581395,0.042303772,,,,,,,,,,,,,
294,18,2010,1239.285424,14209.159,13.52322436,"71,930",0.725536993,0.039735099,,,,,,,,,,,,,
295,18,2011,1098.48404,14646.235,13.52322436,"74,066",0.728813559,,,,,,,,,,,,,,
296,18,2012,1196.365339,15000.383,13.52322436,"74,173",0.722084367,0.040318566,,,,,,,,,,,,,
297,18,2013,1119.839127,15325.705,13.52322436,"78,947",0.721518987,,,,,,,,,,,,,,
298,18,2014,985.4764405,15719.755,13.52322436,"82,575",0.7225,,,,,,,,,,,,,,
299,18,2015,906.7049086,16152.997,13.52322436,"84,232",0.722921914,0.035964988,,,,,,,,,,,,,
300,18,2016,837.3792872,17172.07,14.09462821,"85,374",0.704433498,0.034832845,,,,,,,,,,,,,
301,18,2017,767.7810346,17390,14.09462821,"84,303",0.706766917,0.036645494,,,,,,,,,,,,,
302,18,2018,762.8516821,18653.076,14.8565,"87,129",0.70437018,0.044740786,,,,,,,,,,,,,
303,18,2019,694.6501598,18912.426,14.8565,"88,145",0.707692308,0.048174602,,,,,,,,,,,,,
304,18,2020,610.2888959,18608.625,14.28509615,"84,641",0.686708861,,,,,,,,,,,,,,
305,19,2005,1489.308504,12796.5,12.06616923,"35,236",0.754010695,0.075346594,,,,,,,,,,,,,
306,19,2006,1518.430941,12558.62,12.06616923,"37,584",0.75,0.078360458,,,,,,,,,,,,,
307,19,2007,1460.140632,12216.225,11.90740385,"42,228",0.736363636,0.070825799,,,,,,,,,,,,,
308,19,2008,1464.128606,12193.425,11.90740385,"45,150",0.736448598,0.076853526,,,,,,,,,,,,,
309,19,2009,1364.920466,11980.082,11.74863846,"42,291",0.741509434,0.027562446,,,,,,,,,,,,,
310,19,2010,1508.441541,11874.262,11.74863846,"43,949",0.743833017,0.026644463,,,,,,,,,,,,,
311,19,2011,1408.003233,11710.574,11.74863846,"47,538",0.750957854,0.022277228,,,,,,,,,,,,,
312,19,2012,1442.304912,11611.488,11.74863846,"55,737",0.744421907,0.027173913,,,,,,,,,,,,,
313,19,2013,1311.298069,11628.434,11.74863846,"62,658",0.741803279,,,,,,,,,,,,,,
314,19,2014,1175.311109,11679.42,11.74863846,"66,372",0.741550696,,,,,,,,,,,,,,
315,19,2015,1094.016379,11735.586,11.74863846,"67,089",0.739043825,0.026694123,,,,,,,,,,,,,
316,19,2016,976.6851651,11601.202,11.74863846,"67,382",0.720703125,0.030439084,,,,,,,,,,,,,
317,19,2017,869.2583376,11524.834,11.74863846,"67,180",0.721115538,0.029505955,,,,,,,,,,,,,
318,19,2018,839.2724697,12183.366,12.3837,"72,146",0.724470135,0.027282648,,,,,,,,,,,,,
319,19,2019,787.1932816,12178.062,12.3837,"68,881",0.726755218,0.032999824,,,,,,,,,,,,,
320,19,2020,695.4262993,11764.8,11.90740385,"67,321",0.705882353,,,,,,,,,,,,,,
321,20,2005,971.4037204,11589.164,36.30578462,"26,304",0.840271055,0.051235684,,,,,,,,,,,,,
322,20,2006,950.5692697,11678.692,36.30578462,"27,595",0.8234714,0.046714888,,,,,,,,,,,,,
323,20,2007,938.0325163,11740.86,36.30578462,"29,209",0.826254826,0.04822182,,,,,,,,,,,,,
324,20,2008,915.0903882,11858.052,36.30578462,"29,381",0.82745098,0.040687161,,,,,,,,,,,,,
325,20,2009,850.3115813,11640.718,35.35036923,"27,395",0.840820313,0.05752754,,,,,,,,,,,,,
326,20,2010,896.6457547,11739.952,35.35036923,"27,573",0.840782123,0.052825553,,,,,,,,,,,,,
327,20,2011,811.0218538,11872.264,35.35036923,"27,987",0.830491474,0.053246753,,,,,,,,,,,,,
328,20,2012,846.9397667,12076.8,35.35036923,"28,925",0.82358871,0.062579821,,,,,,,,,,,,,
329,20,2013,824.345383,12258.618,35.35036923,"28,384",0.827235772,,,,,,,,,,,,,,
330,20,2014,734.4055343,12464.042,35.35036923,"30,269",0.820304569,,,,,,,,,,,,,,
331,20,2015,712.6014811,12699.066,35.35036923,"30,118",0.816056911,0.057695775,,,,,,,,,,,,,
332,20,2016,683.424362,12854.022,35.35036923,"33,027",0.799407115,0.064879942,,,,,,,,,,,,,
333,20,2017,650.6800537,12921.066,35.35036923,"33,254",0.80201005,0.065389469,,,,,,,,,,,,,
334,20,2018,642.3830888,13686.66,37.2612,"33,757",0.805273834,0.063698169,,,,,,,,,,,,,
335,20,2019,618.9319815,13845.546,37.2612,"34,340",0.808910891,0.078939059,,,,,,,,,,,,,
336,20,2020,553.355277,13435.65,35.82807692,"30,668",0.788437884,,,,,,,,,,,,,,
337,21,2005,1559.520265,21099.12,26.55069744,"28,696",0.754098361,0.049728752,,,,,,,,,,,,,
338,21,2006,1558.946186,21319.824,26.55069744,"29,276",0.746511628,0.04822182,,,,,,,,,,,,,
339,21,2007,1508.745056,21372.3,26.20134615,"32,170",0.740740741,0.040687161,,,,,,,,,,,,,
340,21,2008,1499.160633,21684.45,26.20134615,"33,930",0.740740741,0.037673297,,,,,,,,,,,,,
341,21,2009,1402.863819,21759.7,25.85199487,"32,278",0.742857143,0.044852941,,,,,,,,,,,,,
342,21,2010,1455.751916,22026.1,25.85199487,"34,531",0.741025641,,,,,,,,,,,,,,
343,21,2011,1339.618994,22531.594,25.85199487,"36,097",0.744155844,,,,,,,,,,,,,,
344,21,2012,1397.749618,22893.084,25.85199487,"36,335",0.746308725,,,,,,,,,,,,,,
345,21,2013,1367.159802,23139.8,25.85199487,"34,846",0.741144414,,,,,,,,,,,,,,
346,21,2014,1197.616659,23431.138,25.85199487,"38,754",0.738955823,,,,,,,,,,,,,,
347,21,2015,1146.096695,23734.464,25.85199487,"39,032",0.738896366,0.027288058,,,,,,,,,,,,,
348,21,2016,1087.380648,23906.662,25.85199487,"41,337",0.718911917,0.036057692,,,,,,,,,,,,,
349,21,2017,1013.431718,23979.552,25.85199487,"42,358",0.71722365,0.041721419,,,,,,,,,,,,,
350,21,2018,996.1437312,25421.526,27.2494,"42,416",0.719414894,0.044866547,,,,,,,,,,,,,
351,21,2019,940.1316454,25430.652,27.2494,"42,962",0.721784777,0.046269143,,,,,,,,,,,,,
352,21,2020,859.782015,24135.975,26.20134615,"42,739",0.701277955,,,,,,,,,,,,,,
353,22,2005,1275.101671,18609.89,33.05280897,"12,742",0.781472684,0.036166365,,,,,,,,,,,,,
354,22,2006,1253.693063,18832.248,33.05280897,"13,221",0.77672209,0.03164557,,,,,,,,,,,,,
355,22,2007,1218.396077,18805.536,32.60003077,"14,017",0.769869514,0.033152502,,,,,,,,,,,,,
356,22,2008,1158.995654,19188.576,32.60003077,"14,236",0.772782503,0.025617842,,,,,,,,,,,,,
357,22,2009,1071.233981,19199.678,32.14725256,"13,321",0.777777778,0.084337349,,,,,,,,,,,,,
358,22,2010,1113.545793,19349.275,32.14725256,"13,923",0.77394636,0.080181543,,,,,,,,,,,,,
359,22,2011,1022.467813,19662.598,32.14725256,"14,653",0.782051282,0.072837633,,,,,,,,,,,,,
360,22,2012,1059.223487,19930.055,32.14725256,"14,754",0.784494087,0.083211679,,,,,,,,,,,,,
361,22,2013,1019.958848,20231.876,32.14725256,"14,549",0.783602151,,,,,,,,,,,,,,
362,22,2014,911.6507132,20610.164,32.14725256,"15,316",0.781167109,,,,,,,,,,,,,,
363,22,2015,899.6703148,20944.929,32.14725256,"15,683",0.780713342,0.068493151,,,,,,,,,,,,,
364,22,2016,860.7343523,21222.113,32.14725256,"15,403",0.75792142,0.072928821,,,,,,,,,,,,,
365,22,2017,817.5544469,22296.718,33.50558718,"15,385",0.75826972,0.079796881,,,,,,,,,,,,,
366,22,2018,909.6683614,23675.808,35.3167,"15,508",0.759577279,0.080801803,,,,,,,,,,,,,
367,22,2019,916.9845804,23855.676,35.3167,"15,894",0.763636364,0.092950625,,,,,,,,,,,,,
368,22,2020,835.4168496,22898.175,33.95836538,"15,628",0.740916272,,,,,,,,,,,,,,
369,23,2005,1000.947514,14293.725,36.17769231,"23,663",0.81061693,0.082881254,,,,,,,,,,,,,
370,23,2006,981.0071233,14439,36.17769231,"24,577",0.809388336,0.069318867,,,,,,,,,,,,,
371,23,2007,948.4320208,13986.72,34.73058462,"25,728",0.800565771,0.064798071,,,,,,,,,,,,,
372,23,2008,1034.004181,14101.848,34.73058462,"25,665",0.803418803,0.063291139,,,,,,,,,,,,,
373,23,2009,946.4306531,14265.792,34.73058462,"23,412",0.810419682,0.123036649,,,,,,,,,,,,,
374,23,2010,993.7599539,14337.792,34.73058462,"24,167",0.81120944,0.102597403,,,,,,,,,,,,,
375,23,2011,900.4705679,14439.096,34.73058462,"24,872",0.810240964,0.096324461,,,,,,,,,,,,,
376,23,2012,942.6327214,14547.384,34.73058462,"26,393",0.808801214,0.101895735,,,,,,,,,,,,,
377,23,2013,930.0810486,14661.864,34.73058462,"27,993",0.808868502,,,,,,,,,,,,,,
378,23,2014,813.5832398,14731.056,34.73058462,"29,497",0.802752294,,,,,,,,,,,,,,
379,23,2015,773.5638241,14829.48,34.73058462,"29,984",0.8,0.090011795,,,,,,,,,,,,,
380,23,2016,734.7132349,14882.832,34.73058462,"30,899",0.777945619,0.089463822,,,,,,,,,,,,,
381,23,2017,688.9657773,14835.744,34.73058462,"30,899",0.778287462,0.100443131,,,,,,,,,,,,,
382,23,2018,719.8931742,15876.322,37.14243077,"31,205",0.778280543,0.095008867,,,,,,,,,,,,,
383,23,2019,689.0318794,15697.648,36.66006154,"32,616",0.779911374,0.105721393,,,,,,,,,,,,,
384,23,2020,627.4696555,15277.522,35.69532308,"30,513",0.762867647,,,,,,,,,,,,,,
385,24,2005,1537.948354,18527.254,36.10514487,"17,387",0.782327586,0.070825799,,,,,,,,,,,,,
386,24,2006,1642.744356,18833.562,36.10514487,"17,749",0.774765381,0.060277275,,,,,,,,,,,,,
387,24,2007,1616.232204,19438.805,36.10514487,"18,342",0.77628866,0.05575648,,,,,,,,,,,,,
388,24,2008,1605.263738,20182.894,36.10514487,"18,630",0.787592008,0.05575648,,,,,,,,,,,,,
389,24,2009,1554.051578,20337.737,35.11596282,"17,495",0.802469136,0.099756691,,,,,,,,,,,,,
390,24,2010,1683.371713,21241.141,35.11596282,"17,828",0.805526036,,,,,,,,,,,,,,
391,24,2011,1539.839406,22042.66,35.11596282,"18,090",0.800443459,0.091656874,,,,,,,,,,,,,
392,24,2012,1633.03488,22456.945,35.11596282,"19,589",0.789115646,,,,,,,,,,,,,,
393,24,2013,1538.339183,22824.015,35.11596282,"19,521",0.785800241,,,,,,,,,,,,,,
394,24,2014,1345.343778,23292.686,35.11596282,"19,905",0.782412627,,,,,,,,,,,,,,
395,24,2015,1291.946402,23874.034,35.11596282,"20,532",0.779623477,0.09315693,,,,,,,,,,,,,
396,24,2016,1203.959714,25495.442,36.5997359,"20,630",0.764324324,0.096958175,,,,,,,,,,,,,
397,24,2017,1143.559309,25751.704,36.5997359,"21,599",0.766561514,0.102355072,,,,,,,,,,,,,
398,24,2018,1151.195514,27456.39,38.5781,"22,097",0.767051417,0.098277883,,,,,,,,,,,,,
399,24,2019,1073.52542,27544.452,38.5781,"22,635",0.769067797,0.111832295,,,,,,,,,,,,,
400,24,2020,966.5123275,26644.95,37.09432692,"21,949",0.750310559,,,,,,,,,,,,,,
401,25,2005,1240.659525,19873.24,57.16571667,"16,578",0.814981949,0.042194093,,,,,,,,,,,,,
402,25,2006,1227.490888,20191.61,57.16571667,"17,346",0.799122807,0.039180229,,,,,,,,,,,,,
403,25,2007,1195.917601,20537.235,57.16571667,"17,805",0.793706294,0.039180229,,,,,,,,,,,,,
404,25,2008,1161.127955,20970.708,57.16571667,"17,534",0.812043796,0.036166365,,,,,,,,,,,,,
405,25,2009,1088.695986,20823.495,55.71848333,"15,928",0.813974592,0.093117409,,,,,,,,,,,,,
406,25,2010,1161.480879,20356.512,53.54763333,"16,215",0.822624434,0.089655172,,,,,,,,,,,,,
407,25,2011,1085.253375,21667.415,55.71848333,"16,503",0.813401187,0.077762619,,,,,,,,,,,,,
408,25,2012,1133.773614,21916.125,55.71848333,"17,563",0.80464716,0.082474227,,,,,,,,,,,,,
409,25,2013,1092.30735,22241.45,55.71848333,"17,789",0.807260156,,,,,,,,,,,,,,
410,25,2014,984.2282114,22626.681,55.71848333,"18,119",0.80475382,,,,,,,,,,,,,,
411,25,2015,955.7011434,22940.456,55.71848333,"19,029",0.801716738,0.087873462,,,,,,,,,,,,,
412,25,2016,927.2825703,23202.256,55.71848333,"19,360",0.787573468,0.100117786,,,,,,,,,,,,,
413,25,2017,883.3901884,23237.445,55.71848333,"19,775",0.785654712,0.105010501,,,,,,,,,,,,,
414,25,2018,882.1279783,24612.498,58.61295,"19,959",0.781967213,0.100323625,,,,,,,,,,,,,
415,25,2019,841.2076309,23807.316,56.4421,"19,818",0.78677686,0.121897856,,,,,,,,,,,,,
416,25,2020,776.3638228,22924.35,54.27125,"18,417",0.772727273,,,,,,,,,,,,,,
417,26,2005,1124.163128,13794.608,57.25469744,"26,815",0.831877729,0.052742616,,,,,,,,,,,,,
418,26,2006,1114.166655,13871.52,57.25469744,"28,185",0.825136612,0.046714888,,,,,,,,,,,,,
419,26,2007,1085.252224,13863.996,57.25469744,"30,162",0.81670282,0.046714888,,,,,,,,,,,,,
420,26,2008,1060.638234,13902.452,57.25469744,"30,082",0.824833703,0.046714888,,,,,,,,,,,,,
421,26,2009,967.0579435,13645.156,55.74799487,"28,130",0.831828442,0.066753927,,,,,,,,,,,,,
422,26,2010,1002.058044,13786.496,55.74799487,"28,203",0.827146172,0.062820513,,,,,,,,,,,,,
423,26,2011,896.8535768,13876.998,55.74799487,"29,220",0.827058824,0.060225847,,,,,,,,,,,,,
424,26,2012,960.8069286,13983.854,55.74799487,"31,430",0.829663963,0.064556962,,,,,,,,,,,,,
425,26,2013,936.091413,14144.212,55.74799487,"32,297",0.831184056,,,,,,,,,,,,,,
426,26,2014,818.6308997,14305.31,55.74799487,"33,759",0.822093023,,,,,,,,,,,,,,
427,26,2015,775.9545604,14365.176,55.74799487,"35,884",0.818393481,0.059781,,,,,,,,,,,,,
428,26,2016,734.4816538,14443.838,55.74799487,"37,892",0.800915332,0.061505065,,,,,,,,,,,,,
429,26,2017,692.6509953,14480.32,55.74799487,"39,469",0.8004561,0.063241107,,,,,,,,,,,,,
430,26,2018,680.0013561,15358.512,58.7614,"42,912",0.799299883,0.053188121,,,,,,,,,,,,,
431,26,2019,650.1135976,15445.482,58.7614,"42,906",0.802736602,0.066249097,,,,,,,,,,,,,
432,26,2020,590.8740468,14860.575,56.50134615,"39,335",0.785714286,,,,,,,,,,,,,,
433,27,2005,1874.645971,19897.636,29.14629231,"41,479",0.75,0.156720916,,,,,,,,,,,,,
434,27,2006,1876.721276,20334.028,29.14629231,"42,391",0.741784038,0.141651597,,,,,,,,,,,,,
435,27,2007,1829.947674,20446.95,28.76278846,"46,066",0.737278107,0.141651597,,,,,,,,,,,,,
436,27,2008,1802.072048,20772.975,28.76278846,"47,499",0.737948084,0.123568415,,,,,,,,,,,,,
437,27,2009,1617.59317,21084,28.76278846,"46,832",0.742749054,0.050666667,,,,,,,,,,,,,
438,27,2010,1691.261949,21283.275,28.76278846,"49,449",0.739299611,0.047373841,,,,,,,,,,,,,
439,27,2011,1519.721798,21653.775,28.76278846,"53,794",0.742444152,0.043392505,,,,,,,,,,,,,
440,27,2012,1655.509333,22008,28.76278846,"56,646",0.740331492,0.036127168,,,,,,,,,,,,,
441,27,2013,1567.374429,22399.725,28.76278846,"57,531",0.737658674,,,,,,,,,,,,,,
442,27,2014,1372.714707,22711.35,28.76278846,"56,131",0.736111111,,,,,,,,,,,,,,
443,27,2015,1315.184102,23132.55,28.76278846,"58,881",0.738651994,0.037455602,,,,,,,,,,,,,
444,27,2016,1212.918815,23374.125,28.76278846,"61,559",0.717948718,0.036751505,,,,,,,,,,,,,
445,27,2017,1129.98323,23567.4,28.76278846,"63,150",0.71978022,0.041580042,,,,,,,,,,,,,
446,27,2018,1102.107219,25063.224,30.29680385,"67,844",0.721985816,0.037778931,,,,,,,,,,,,,
447,27,2019,1014.301453,25187.57,30.29680385,"71,604",0.725626741,0.038525799,,,,,,,,,,,,,
448,27,2020,879.5204459,24321.292,29.14629231,"67,140",0.708053691,,,,,,,,,,,,,,
449,28,2005,960.6864948,13839.828,42.72281538,"20,776",0.824146982,0.058770344,,,,,,,,,,,,,
450,28,2006,956.1794934,13899.032,42.72281538,"21,795",0.814473684,0.057263412,,,,,,,,,,,,,
451,28,2007,936.5309649,13997.224,42.72281538,"22,950",0.813863928,0.054249548,,,,,,,,,,,,,
452,28,2008,926.9789362,14125.36,42.72281538,"22,928",0.81953867,0.052742616,,,,,,,,,,,,,
453,28,2009,873.5578565,13924.358,41.59853077,"21,028",0.820895522,0.106412005,,,,,,,,,,,,,
454,28,2010,912.1600463,14009.754,41.59853077,"21,541",0.818565401,0.095174263,,,,,,,,,,,,,
455,28,2011,820.4485106,14143.102,41.59853077,"21,881",0.81779661,0.089121887,,,,,,,,,,,,,
456,28,2012,880.91794,14317.224,41.59853077,"22,586",0.820768137,0.098971722,,,,,,,,,,,,,
457,28,2013,849.2478741,14488.238,41.59853077,"22,707",0.822857143,,,,,,,,,,,,,,
458,28,2014,753.6355646,14648.596,41.59853077,"23,389",0.820224719,,,,,,,,,,,,,,
459,28,2015,723.3085901,14790.38,41.59853077,"23,413",0.81741573,0.085295121,,,,,,,,,,,,,
460,28,2016,687.3892329,14943.93,41.59853077,"24,454",0.795392954,0.099634673,,,,,,,,,,,,,
461,28,2017,654.5608202,15039.982,41.59853077,"25,060",0.797260274,0.120481928,,,,,,,,,,,,,
462,28,2018,650.8764782,15952.95,43.8471,"24,558",0.797752809,0.109638123,,,,,,,,,,,,,
463,28,2019,627.7540957,16095.222,43.8471,"25,324",0.800273598,0.127674258,,,,,,,,,,,,,
464,28,2020,587.3314735,15578.025,42.16067308,"24,273",0.780487805,,,,,,,,,,,,,,
465,29,2005,2178.948545,16217.032,21.02179487,"91,088",0.748674443,0.186859554,,,,,,,,,,,,,
466,29,2006,2527.438802,16598.4,21.02179487,"96,332",0.742362525,0.174804099,,,,,,,,,,,,,
467,29,2007,2499.963578,16893.825,20.74519231,"106,635",0.739919355,0.161241712,,,,,,,,,,,,,
468,29,2008,2538.780207,17391.975,20.74519231,"108,904",0.743215031,0.152200121,,,,,,,,,,,,,
469,29,2009,2258.918117,17796.63,20.46858974,"108,321",0.758947368,0.050909091,,,,,,,,,,,,,
470,29,2010,2401.505564,18390.48,20.46858974,"107,937",0.768828452,,,,,,,,,,,,,,
471,29,2011,2075.074319,18944.888,20.46858974,"116,278",0.75960483,0.035801465,,,,,,,,,,,,,
472,29,2012,2237.269756,19508.176,20.46858974,"110,993",0.754608295,0.036947791,,,,,,,,,,,,,
473,29,2013,2091.279689,20247.584,20.46858974,"113,313",0.752304147,,,,,,,,,,,,,,
474,29,2014,1773.571541,21060.104,20.46858974,"115,486",0.734338747,,,,,,,,,,,,,,
475,29,2015,1694.454539,21743.272,20.46858974,"115,346",0.737028302,0.0366535,,,,,,,,,,,,,
476,29,2016,1498.073575,22269.782,20.46858974,"120,115",0.724059293,0.035497497,,,,,,,,,,,,,
477,29,2017,1373.927367,22789.336,20.46858974,"126,187",0.728717367,0,,,,,,,,,,,,,
478,29,2018,1353.187312,24780.99,21.575,"122,300",0.728929385,0,,,,,,,,,,,,,
479,29,2019,1240.047286,25330.11,21.575,"119,547",0.732876712,0,,,,,,,,,,,,,
480,29,2020,1081.160793,24897.675,20.74519231,"116,624",0.712347354,,,,,,,,,,,,,,
481,30,2005,1093.375991,16552.531,36.32012051,"14,912",0.816091954,0.070825799,,,,,,,,,,,,,
482,30,2006,1095.604078,16843.363,36.32012051,"15,633",0.792838875,0.070825799,,,,,,,,,,,,,
483,30,2007,1043.448028,16967.88,35.82258462,"16,161",0.786545925,0.057263412,,,,,,,,,,,,,
484,30,2008,1059.019728,17431.056,35.82258462,"15,647",0.796791444,0.052742616,,,,,,,,,,,,,
485,30,2009,957.2513904,17617.94,35.32504872,"14,056",0.8,0.115942029,,,,,,,,,,,,,
486,30,2010,1036.379912,18034.639,35.32504872,"14,402",0.802340702,0.107255521,,,,,,,,,,,,,
487,30,2011,930.5966217,18441.682,35.32504872,"14,801",0.80027933,0.095310136,,,,,,,,,,,,,
488,30,2012,978.769744,18634.376,35.32504872,"15,837",0.788751715,0.098571429,,,,,,,,,,,,,
489,30,2013,955.7952627,19923.75,37.31519231,"16,190",0.794666667,,,,,,,,,,,,,,
490,30,2014,853.1461113,19817.274,36.81765641,"17,106",0.796568627,,,,,,,,,,,,,,
491,30,2015,812.2083813,20029.654,36.81765641,"18,047",0.787564767,0.099622856,,,,,,,,,,,,,
492,30,2016,775.1931277,20292.428,36.81765641,"18,110",0.772151899,0.116646757,,,,,,,,,,,,,
493,30,2017,731.242756,20387.37,36.81765641,"18,168",0.769134253,0.119986518,,,,,,,,,,,,,
494,30,2018,784.0666531,21582.6,38.8078,"18,540",0.767962309,0.108643334,,,,,,,,,,,,,
495,30,2019,771.4536189,21604.674,38.8078,"19,552",0.770983213,0.11933988,,,,,,,,,,,,,
496,30,2020,710.8859084,20770.5,37.31519231,"18,230",0.758041958,,,,,,,,,,,,,,
497,31,2005,1611.22032,21525.404,34.31721538,"19,448",0.784729586,0.085895118,,,,,,,,,,,,,
498,31,2006,1563.541588,21852.888,34.31721538,"20,070",0.766821346,0.075346594,,,,,,,,,,,,,
499,31,2007,1516.215504,21858,33.86567308,"21,521",0.767519466,0.075346594,,,,,,,,,,,,,
500,31,2008,1420.383481,22072.875,33.86567308,"21,996",0.77293578,0.04822182,,,,,,,,,,,,,
501,31,2009,1305.739607,22151.678,33.41413077,"20,716",0.776710684,0.073234525,,,,,,,,,,,,,
502,31,2010,1373.989462,22393.88,33.41413077,"21,133",0.786650775,0.068141593,,,,,,,,,,,,,
503,31,2011,1232.953354,22770.54,33.41413077,"21,912",0.784730914,0.061946903,,,,,,,,,,,,,
504,31,2012,1300.274707,22902.778,33.41413077,"23,305",0.779467681,0.063237774,,,,,,,,,,,,,
505,31,2013,1254.225856,23168.734,33.41413077,"24,428",0.779373368,,,,,,,,,,,,,,
506,31,2014,1105.509275,23423.664,33.41413077,"25,930",0.771883289,,,,,,,,,,,,,,
507,31,2015,1060.649935,23641.298,33.41413077,"27,575",0.772068511,0.04786513,,,,,,,,,,,,,
508,31,2016,1029.413584,23790.778,33.41413077,"27,843",0.752631579,0.055316274,,,,,,,,,,,,,
509,31,2017,965.4409154,22951.247,32.05950385,"27,191",0.754452926,0.056275997,,,,,,,,,,,,,
510,31,2018,948.4416398,24485.55,33.86567308,"27,672",0.753196931,0.05512772,,,,,,,,,,,,,
511,31,2019,931.6261342,25714.806,35.2203,"27,755",0.755915318,0.059734696,,,,,,,,,,,,,
512,31,2020,855.7687296,24730.125,33.86567308,"26,951",0.734042553,,,,,,,,,,,,,,
513,32,2005,3658.93354,16958.032,21.46522564,"180,531",0.72173058,0.241109102,,,,,,,,,,,,,
514,32,2006,3822.962354,16935.004,21.46522564,"188,657",0.706862745,0.212477396,,,,,,,,,,,,,
515,32,2007,3671.033698,16546.425,21.18278846,"210,788",0.7,0.201928873,,,,,,,,,,,,,
516,32,2008,3706.122036,16400.475,21.18278846,"221,354",0.713675214,0.254671489,,,,,,,,,,,,,
517,32,2009,3316.398054,16056.52,20.90035128,"217,771",0.724137931,0.02854074,,,,,,,,,,,,,
518,32,2010,3502.539729,16071.838,20.90035128,"227,204",0.722536806,0.029520295,,,,,,,,,,,,,
519,32,2011,3179.730068,16249.068,20.90035128,"232,896",0.72517321,0.024534303,,,,,,,,,,,,,
520,32,2012,3405.551858,16556.538,20.90035128,"241,641",0.720710059,0.026695842,,,,,,,,,,,,,
521,32,2013,3231.575941,16672.644,20.90035128,"253,202",0.713429257,,,,,,,,,,,,,,
522,32,2014,2755.925015,17012.526,20.90035128,"270,390",0.714947856,,,,,,,,,,,,,,
523,32,2015,2487.73716,17615.478,20.90035128,"260,656",0.723623853,0.026435357,,,,,,,,,,,,,
524,32,2016,2238.93141,17906.076,20.90035128,"276,221",0.707762557,0.028597085,,,,,,,,,,,,,
525,32,2017,2071.304772,18114.904,20.90035128,"289,375",0.706155633,0.029354749,,,,,,,,,,,,,
526,32,2018,2015.114051,19915.272,22.0301,"291,294",0.705188679,0.031686209,,,,,,,,,,,,,
527,32,2019,1806.418548,20382.726,22.0301,"299,955",0.705097087,0.032134102,,,,,,,,,,,,,
528,32,2020,1475.855767,20238.6,21.18278846,"274,318",0.680187207,,,,,,,,,,,,,,
